質問,回答
商品の返品方法は？（サンプル1）,未開封であれば7日以内に可能です。
営業時間は何時？（サンプル2）,平日9時〜18時です。
送料はいくら？（サンプル3）,全国一律500円です。
支払い方法は？（サンプル4）,クレジットカード・代引きに対応しています。
会員登録は必要？（サンプル5）,無料で登録できます。
商品の返品方法は？（サンプル6）,未開封であれば7日以内に可能です。
営業時間は何時？（サンプル7）,平日9時〜18時です。
送料はいくら？（サンプル8）,全国一律500円です。
支払い方法は？（サンプル9）,クレジットカード・代引きに対応しています。
会員登録は必要？（サンプル10）,無料で登録できます。
商品の返品方法は？（サンプル11）,未開封であれば7日以内に可能です。
営業時間は何時？（サンプル12）,平日9時〜18時です。
送料はいくら？（サンプル13）,全国一律500円です。
支払い方法は？（サンプル14）,クレジットカード・代引きに対応しています。
会員登録は必要？（サンプル15）,無料で登録できます。
商品の返品方法は？（サンプル16）,未開封であれば7日以内に可能です。
営業時間は何時？（サンプル17）,平日9時〜18時です。
送料はいくら？（サンプル18）,全国一律500円です。
支払い方法は？（サンプル19）,クレジットカード・代引きに対応しています。
会員登録は必要？（サンプル20）,無料で登録できます。
商品の返品方法は？（サンプル21）,未開封であれば7日以内に可能です。
営業時間は何時？（サンプル22）,平日9時〜18時です。
送料はいくら？（サンプル23）,全国一律500円です。
支払い方法は？（サンプル24）,クレジットカード・代引きに対応しています。
会員登録は必要？（サンプル25）,無料で登録できます。
商品の返品方法は？（サンプル26）,未開封であれば7日以内に可能です。
営業時間は何時？（サンプル27）,平日9時〜18時です。
送料はいくら？（サンプル28）,全国一律500円です。
支払い方法は？（サンプル29）,クレジットカード・代引きに対応しています。
会員登録は必要？（サンプル30）,無料で登録できます。
商品の返品方法は？（サンプル31）,未開封であれば7日以内に可能です。
営業時間は何時？（サンプル32）,平日9時〜18時です。
送料はいくら？（サンプル33）,全国一律500円です。
支払い方法は？（サンプル34）,クレジットカード・代引きに対応しています。
会員登録は必要？（サンプル35）,無料で登録できます。
商品の返品方法は？（サンプル36）,未開封であれば7日以内に可能です。
営業時間は何時？（サンプル37）,平日9時〜18時です。
送料はいくら？（サンプル38）,全国一律500円です。
支払い方法は？（サンプル39）,クレジットカード・代引きに対応しています。
会員登録は必要？（サンプル40）,無料で登録できます。
商品の返品方法は？（サンプル41）,未開封であれば7日以内に可能です。
営業時間は何時？（サンプル42）,平日9時〜18時です。
送料はいくら？（サンプル43）,全国一律500円です。
支払い方法は？（サンプル44）,クレジットカード・代引きに対応しています。
会員登録は必要？（サンプル45）,無料で登録できます。
商品の返品方法は？（サンプル46）,未開封であれば7日以内に可能です。
営業時間は何時？（サンプル47）,平日9時〜18時です。
送料はいくら？（サンプル48）,全国一律500円です。
支払い方法は？（サンプル49）,クレジットカード・代引きに対応しています。
会員登録は必要？（サンプル50）,無料で登録できます。
商品の返品方法は？（サンプル51）,未開封であれば7日以内に可能です。
営業時間は何時？（サンプル52）,平日9時〜18時です。
送料はいくら？（サンプル53）,全国一律500円です。
支払い方法は？（サンプル54）,クレジットカード・代引きに対応しています。
会員登録は必要？（サンプル55）,無料で登録できます。
商品の返品方法は？（サンプル56）,未開封であれば7日以内に可能です。
営業時間は何時？（サンプル57）,平日9時〜18時です。
送料はいくら？（サンプル58）,全国一律500円です。
支払い方法は？（サンプル59）,クレジットカード・代引きに対応しています。
会員登録は必要？（サンプル60）,無料で登録できます。
商品の返品方法は？（サンプル61）,未開封であれば7日以内に可能です。
営業時間は何時？（サンプル62）,平日9時〜18時です。
送料はいくら？（サンプル63）,全国一律500円です。
支払い方法は？（サンプル64）,クレジットカード・代引きに対応しています。
会員登録は必要？（サンプル65）,無料で登録できます。
商品の返品方法は？（サンプル66）,未開封であれば7日以内に可能です。
営業時間は何時？（サンプル67）,平日9時〜18時です。
送料はいくら？（サンプル68）,全国一律500円です。
支払い方法は？（サンプル69）,クレジットカード・代引きに対応しています。
会員登録は必要？（サンプル70）,無料で登録できます。
商品の返品方法は？（サンプル71）,未開封であれば7日以内に可能です。
営業時間は何時？（サンプル72）,平日9時〜18時です。
送料はいくら？（サンプル73）,全国一律500円です。
支払い方法は？（サンプル74）,クレジットカード・代引きに対応しています。
会員登録は必要？（サンプル75）,無料で登録できます。
商品の返品方法は？（サンプル76）,未開封であれば7日以内に可能です。
営業時間は何時？（サンプル77）,平日9時〜18時です。
送料はいくら？（サンプル78）,全国一律500円です。
支払い方法は？（サンプル79）,クレジットカード・代引きに対応しています。
会員登録は必要？（サンプル80）,無料で登録できます。
商品の返品方法は？（サンプル81）,未開封であれば7日以内に可能です。
営業時間は何時？（サンプル82）,平日9時〜18時です。
送料はいくら？（サンプル83）,全国一律500円です。
支払い方法は？（サンプル84）,クレジットカード・代引きに対応しています。
会員登録は必要？（サンプル85）,無料で登録できます。
商品の返品方法は？（サンプル86）,未開封であれば7日以内に可能です。
営業時間は何時？（サンプル87）,平日9時〜18時です。
送料はいくら？（サンプル88）,全国一律500円です。
支払い方法は？（サンプル89）,クレジットカード・代引きに対応しています。
会員登録は必要？（サンプル90）,無料で登録できます。
商品の返品方法は？（サンプル91）,未開封であれば7日以内に可能です。
営業時間は何時？（サンプル92）,平日9時〜18時です。
送料はいくら？（サンプル93）,全国一律500円です。
支払い方法は？（サンプル94）,クレジットカード・代引きに対応しています。
会員登録は必要？（サンプル95）,無料で登録できます。
商品の返品方法は？（サンプル96）,未開封であれば7日以内に可能です。
営業時間は何時？（サンプル97）,平日9時〜18時です。
送料はいくら？（サンプル98）,全国一律500円です。
支払い方法は？（サンプル99）,クレジットカード・代引きに対応しています。
会員登録は必要？（サンプル100）,無料で登録できます。
商品の返品方法は？（サンプル101）,未開封であれば7日以内に可能です。
営業時間は何時？（サンプル102）,平日9時〜18時です。
送料はいくら？（サンプル103）,全国一律500円です。
支払い方法は？（サンプル104）,クレジットカード・代引きに対応しています。
会員登録は必要？（サンプル105）,無料で登録できます。
商品の返品方法は？（サンプル106）,未開封であれば7日以内に可能です。
営業時間は何時？（サンプル107）,平日9時〜18時です。
送料はいくら？（サンプル108）,全国一律500円です。
支払い方法は？（サンプル109）,クレジットカード・代引きに対応しています。
会員登録は必要？（サンプル110）,無料で登録できます。
商品の返品方法は？（サンプル111）,未開封であれば7日以内に可能です。
営業時間は何時？（サンプル112）,平日9時〜18時です。
送料はいくら？（サンプル113）,全国一律500円です。
支払い方法は？（サンプル114）,クレジットカード・代引きに対応しています。
会員登録は必要？（サンプル115）,無料で登録できます。
商品の返品方法は？（サンプル116）,未開封であれば7日以内に可能です。
営業時間は何時？（サンプル117）,平日9時〜18時です。
送料はいくら？（サンプル118）,全国一律500円です。
支払い方法は？（サンプル119）,クレジットカード・代引きに対応しています。
会員登録は必要？（サンプル120）,無料で登録できます。
商品の返品方法は？（サンプル121）,未開封であれば7日以内に可能です。
営業時間は何時？（サンプル122）,平日9時〜18時です。
送料はいくら？（サンプル123）,全国一律500円です。
支払い方法は？（サンプル124）,クレジットカード・代引きに対応しています。
会員登録は必要？（サンプル125）,無料で登録できます。
商品の返品方法は？（サンプル126）,未開封であれば7日以内に可能です。
営業時間は何時？（サンプル127）,平日9時〜18時です。
送料はいくら？（サンプル128）,全国一律500円です。
支払い方法は？（サンプル129）,クレジットカード・代引きに対応しています。
会員登録は必要？（サンプル130）,無料で登録できます。
商品の返品方法は？（サンプル131）,未開封であれば7日以内に可能です。
営業時間は何時？（サンプル132）,平日9時〜18時です。
送料はいくら？（サンプル133）,全国一律500円です。
支払い方法は？（サンプル134）,クレジットカード・代引きに対応しています。
会員登録は必要？（サンプル135）,無料で登録できます。
商品の返品方法は？（サンプル136）,未開封であれば7日以内に可能です。
営業時間は何時？（サンプル137）,平日9時〜18時です。
送料はいくら？（サンプル138）,全国一律500円です。
支払い方法は？（サンプル139）,クレジットカード・代引きに対応しています。
会員登録は必要？（サンプル140）,無料で登録できます。
商品の返品方法は？（サンプル141）,未開封であれば7日以内に可能です。
営業時間は何時？（サンプル142）,平日9時〜18時です。
送料はいくら？（サンプル143）,全国一律500円です。
支払い方法は？（サンプル144）,クレジットカード・代引きに対応しています。
会員登録は必要？（サンプル145）,無料で登録できます。
商品の返品方法は？（サンプル146）,未開封であれば7日以内に可能です。
営業時間は何時？（サンプル147）,平日9時〜18時です。
送料はいくら？（サンプル148）,全国一律500円です。
支払い方法は？（サンプル149）,クレジットカード・代引きに対応しています。
会員登録は必要？（サンプル150）,無料で登録できます。
商品の返品方法は？（サンプル151）,未開封であれば7日以内に可能です。
営業時間は何時？（サンプル152）,平日9時〜18時です。
送料はいくら？（サンプル153）,全国一律500円です。
支払い方法は？（サンプル154）,クレジットカード・代引きに対応しています。
会員登録は必要？（サンプル155）,無料で登録できます。
商品の返品方法は？（サンプル156）,未開封であれば7日以内に可能です。
営業時間は何時？（サンプル157）,平日9時〜18時です。
送料はいくら？（サンプル158）,全国一律500円です。
支払い方法は？（サンプル159）,クレジットカード・代引きに対応しています。
会員登録は必要？（サンプル160）,無料で登録できます。
商品の返品方法は？（サンプル161）,未開封であれば7日以内に可能です。
営業時間は何時？（サンプル162）,平日9時〜18時です。
送料はいくら？（サンプル163）,全国一律500円です。
支払い方法は？（サンプル164）,クレジットカード・代引きに対応しています。
会員登録は必要？（サンプル165）,無料で登録できます。
商品の返品方法は？（サンプル166）,未開封であれば7日以内に可能です。
営業時間は何時？（サンプル167）,平日9時〜18時です。
送料はいくら？（サンプル168）,全国一律500円です。
支払い方法は？（サンプル169）,クレジットカード・代引きに対応しています。
会員登録は必要？（サンプル170）,無料で登録できます。
商品の返品方法は？（サンプル171）,未開封であれば7日以内に可能です。
営業時間は何時？（サンプル172）,平日9時〜18時です。
送料はいくら？（サンプル173）,全国一律500円です。
支払い方法は？（サンプル174）,クレジットカード・代引きに対応しています。
会員登録は必要？（サンプル175）,無料で登録できます。
商品の返品方法は？（サンプル176）,未開封であれば7日以内に可能です。
営業時間は何時？（サンプル177）,平日9時〜18時です。
送料はいくら？（サンプル178）,全国一律500円です。
支払い方法は？（サンプル179）,クレジットカード・代引きに対応しています。
会員登録は必要？（サンプル180）,無料で登録できます。
商品の返品方法は？（サンプル181）,未開封であれば7日以内に可能です。
営業時間は何時？（サンプル182）,平日9時〜18時です。
送料はいくら？（サンプル183）,全国一律500円です。
支払い方法は？（サンプル184）,クレジットカード・代引きに対応しています。
会員登録は必要？（サンプル185）,無料で登録できます。
商品の返品方法は？（サンプル186）,未開封であれば7日以内に可能です。
営業時間は何時？（サンプル187）,平日9時〜18時です。
送料はいくら？（サンプル188）,全国一律500円です。
支払い方法は？（サンプル189）,クレジットカード・代引きに対応しています。
会員登録は必要？（サンプル190）,無料で登録できます。
商品の返品方法は？（サンプル191）,未開封であれば7日以内に可能です。
営業時間は何時？（サンプル192）,平日9時〜18時です。
送料はいくら？（サンプル193）,全国一律500円です。
支払い方法は？（サンプル194）,クレジットカード・代引きに対応しています。
会員登録は必要？（サンプル195）,無料で登録できます。
商品の返品方法は？（サンプル196）,未開封であれば7日以内に可能です。
営業時間は何時？（サンプル197）,平日9時〜18時です。
送料はいくら？（サンプル198）,全国一律500円です。
支払い方法は？（サンプル199）,クレジットカード・代引きに対応しています。
会員登録は必要？（サンプル200）,無料で登録できます。
商品の返品方法は？（サンプル201）,未開封であれば7日以内に可能です。
営業時間は何時？（サンプル202）,平日9時〜18時です。
送料はいくら？（サンプル203）,全国一律500円です。
支払い方法は？（サンプル204）,クレジットカード・代引きに対応しています。
会員登録は必要？（サンプル205）,無料で登録できます。
商品の返品方法は？（サンプル206）,未開封であれば7日以内に可能です。
営業時間は何時？（サンプル207）,平日9時〜18時です。
送料はいくら？（サンプル208）,全国一律500円です。
支払い方法は？（サンプル209）,クレジットカード・代引きに対応しています。
会員登録は必要？（サンプル210）,無料で登録できます。
商品の返品方法は？（サンプル211）,未開封であれば7日以内に可能です。
営業時間は何時？（サンプル212）,平日9時〜18時です。
送料はいくら？（サンプル213）,全国一律500円です。
支払い方法は？（サンプル214）,クレジットカード・代引きに対応しています。
会員登録は必要？（サンプル215）,無料で登録できます。
商品の返品方法は？（サンプル216）,未開封であれば7日以内に可能です。
営業時間は何時？（サンプル217）,平日9時〜18時です。
送料はいくら？（サンプル218）,全国一律500円です。
支払い方法は？（サンプル219）,クレジットカード・代引きに対応しています。
会員登録は必要？（サンプル220）,無料で登録できます。
商品の返品方法は？（サンプル221）,未開封であれば7日以内に可能です。
営業時間は何時？（サンプル222）,平日9時〜18時です。
送料はいくら？（サンプル223）,全国一律500円です。
支払い方法は？（サンプル224）,クレジットカード・代引きに対応しています。
会員登録は必要？（サンプル225）,無料で登録できます。
商品の返品方法は？（サンプル226）,未開封であれば7日以内に可能です。
営業時間は何時？（サンプル227）,平日9時〜18時です。
送料はいくら？（サンプル228）,全国一律500円です。
支払い方法は？（サンプル229）,クレジットカード・代引きに対応しています。
会員登録は必要？（サンプル230）,無料で登録できます。
商品の返品方法は？（サンプル231）,未開封であれば7日以内に可能です。
営業時間は何時？（サンプル232）,平日9時〜18時です。
送料はいくら？（サンプル233）,全国一律500円です。
支払い方法は？（サンプル234）,クレジットカード・代引きに対応しています。
会員登録は必要？（サンプル235）,無料で登録できます。
商品の返品方法は？（サンプル236）,未開封であれば7日以内に可能です。
営業時間は何時？（サンプル237）,平日9時〜18時です。
送料はいくら？（サンプル238）,全国一律500円です。
支払い方法は？（サンプル239）,クレジットカード・代引きに対応しています。
会員登録は必要？（サンプル240）,無料で登録できます。
商品の返品方法は？（サンプル241）,未開封であれば7日以内に可能です。
営業時間は何時？（サンプル242）,平日9時〜18時です。
送料はいくら？（サンプル243）,全国一律500円です。
支払い方法は？（サンプル244）,クレジットカード・代引きに対応しています。
会員登録は必要？（サンプル245）,無料で登録できます。
商品の返品方法は？（サンプル246）,未開封であれば7日以内に可能です。
営業時間は何時？（サンプル247）,平日9時〜18時です。
送料はいくら？（サンプル248）,全国一律500円です。
支払い方法は？（サンプル249）,クレジットカード・代引きに対応しています。
会員登録は必要？（サンプル250）,無料で登録できます。
商品の返品方法は？（サンプル251）,未開封であれば7日以内に可能です。
営業時間は何時？（サンプル252）,平日9時〜18時です。
送料はいくら？（サンプル253）,全国一律500円です。
支払い方法は？（サンプル254）,クレジットカード・代引きに対応しています。
会員登録は必要？（サンプル255）,無料で登録できます。
商品の返品方法は？（サンプル256）,未開封であれば7日以内に可能です。
営業時間は何時？（サンプル257）,平日9時〜18時です。
送料はいくら？（サンプル258）,全国一律500円です。
支払い方法は？（サンプル259）,クレジットカード・代引きに対応しています。
会員登録は必要？（サンプル260）,無料で登録できます。
商品の返品方法は？（サンプル261）,未開封であれば7日以内に可能です。
営業時間は何時？（サンプル262）,平日9時〜18時です。
送料はいくら？（サンプル263）,全国一律500円です。
支払い方法は？（サンプル264）,クレジットカード・代引きに対応しています。
会員登録は必要？（サンプル265）,無料で登録できます。
商品の返品方法は？（サンプル266）,未開封であれば7日以内に可能です。
営業時間は何時？（サンプル267）,平日9時〜18時です。
送料はいくら？（サンプル268）,全国一律500円です。
支払い方法は？（サンプル269）,クレジットカード・代引きに対応しています。
会員登録は必要？（サンプル270）,無料で登録できます。
商品の返品方法は？（サンプル271）,未開封であれば7日以内に可能です。
営業時間は何時？（サンプル272）,平日9時〜18時です。
送料はいくら？（サンプル273）,全国一律500円です。
支払い方法は？（サンプル274）,クレジットカード・代引きに対応しています。
会員登録は必要？（サンプル275）,無料で登録できます。
商品の返品方法は？（サンプル276）,未開封であれば7日以内に可能です。
営業時間は何時？（サンプル277）,平日9時〜18時です。
送料はいくら？（サンプル278）,全国一律500円です。
支払い方法は？（サンプル279）,クレジットカード・代引きに対応しています。
会員登録は必要？（サンプル280）,無料で登録できます。
商品の返品方法は？（サンプル281）,未開封であれば7日以内に可能です。
営業時間は何時？（サンプル282）,平日9時〜18時です。
送料はいくら？（サンプル283）,全国一律500円です。
支払い方法は？（サンプル284）,クレジットカード・代引きに対応しています。
会員登録は必要？（サンプル285）,無料で登録できます。
商品の返品方法は？（サンプル286）,未開封であれば7日以内に可能です。
営業時間は何時？（サンプル287）,平日9時〜18時です。
送料はいくら？（サンプル288）,全国一律500円です。
支払い方法は？（サンプル289）,クレジットカード・代引きに対応しています。
会員登録は必要？（サンプル290）,無料で登録できます。
商品の返品方法は？（サンプル291）,未開封であれば7日以内に可能です。
営業時間は何時？（サンプル292）,平日9時〜18時です。
送料はいくら？（サンプル293）,全国一律500円です。
支払い方法は？（サンプル294）,クレジットカード・代引きに対応しています。
会員登録は必要？（サンプル295）,無料で登録できます。
商品の返品方法は？（サンプル296）,未開封であれば7日以内に可能です。
営業時間は何時？（サンプル297）,平日9時〜18時です。
送料はいくら？（サンプル298）,全国一律500円です。
支払い方法は？（サンプル299）,クレジットカード・代引きに対応しています。
会員登録は必要？（サンプル300）,無料で登録できます。
商品の返品方法は？（サンプル301）,未開封であれば7日以内に可能です。
営業時間は何時？（サンプル302）,平日9時〜18時です。
送料はいくら？（サンプル303）,全国一律500円です。
支払い方法は？（サンプル304）,クレジットカード・代引きに対応しています。
会員登録は必要？（サンプル305）,無料で登録できます。
商品の返品方法は？（サンプル306）,未開封であれば7日以内に可能です。
営業時間は何時？（サンプル307）,平日9時〜18時です。
送料はいくら？（サンプル308）,全国一律500円です。
支払い方法は？（サンプル309）,クレジットカード・代引きに対応しています。
会員登録は必要？（サンプル310）,無料で登録できます。
商品の返品方法は？（サンプル311）,未開封であれば7日以内に可能です。
営業時間は何時？（サンプル312）,平日9時〜18時です。
送料はいくら？（サンプル313）,全国一律500円です。
支払い方法は？（サンプル314）,クレジットカード・代引きに対応しています。
会員登録は必要？（サンプル315）,無料で登録できます。
商品の返品方法は？（サンプル316）,未開封であれば7日以内に可能です。
営業時間は何時？（サンプル317）,平日9時〜18時です。
送料はいくら？（サンプル318）,全国一律500円です。
支払い方法は？（サンプル319）,クレジットカード・代引きに対応しています。
会員登録は必要？（サンプル320）,無料で登録できます。
商品の返品方法は？（サンプル321）,未開封であれば7日以内に可能です。
営業時間は何時？（サンプル322）,平日9時〜18時です。
送料はいくら？（サンプル323）,全国一律500円です。
支払い方法は？（サンプル324）,クレジットカード・代引きに対応しています。
会員登録は必要？（サンプル325）,無料で登録できます。
商品の返品方法は？（サンプル326）,未開封であれば7日以内に可能です。
営業時間は何時？（サンプル327）,平日9時〜18時です。
送料はいくら？（サンプル328）,全国一律500円です。
支払い方法は？（サンプル329）,クレジットカード・代引きに対応しています。
会員登録は必要？（サンプル330）,無料で登録できます。
商品の返品方法は？（サンプル331）,未開封であれば7日以内に可能です。
営業時間は何時？（サンプル332）,平日9時〜18時です。
送料はいくら？（サンプル333）,全国一律500円です。
支払い方法は？（サンプル334）,クレジットカード・代引きに対応しています。
会員登録は必要？（サンプル335）,無料で登録できます。
商品の返品方法は？（サンプル336）,未開封であれば7日以内に可能です。
営業時間は何時？（サンプル337）,平日9時〜18時です。
送料はいくら？（サンプル338）,全国一律500円です。
支払い方法は？（サンプル339）,クレジットカード・代引きに対応しています。
会員登録は必要？（サンプル340）,無料で登録できます。
商品の返品方法は？（サンプル341）,未開封であれば7日以内に可能です。
営業時間は何時？（サンプル342）,平日9時〜18時です。
送料はいくら？（サンプル343）,全国一律500円です。
支払い方法は？（サンプル344）,クレジットカード・代引きに対応しています。
会員登録は必要？（サンプル345）,無料で登録できます。
商品の返品方法は？（サンプル346）,未開封であれば7日以内に可能です。
営業時間は何時？（サンプル347）,平日9時〜18時です。
送料はいくら？（サンプル348）,全国一律500円です。
支払い方法は？（サンプル349）,クレジットカード・代引きに対応しています。
会員登録は必要？（サンプル350）,無料で登録できます。
商品の返品方法は？（サンプル351）,未開封であれば7日以内に可能です。
営業時間は何時？（サンプル352）,平日9時〜18時です。
送料はいくら？（サンプル353）,全国一律500円です。
支払い方法は？（サンプル354）,クレジットカード・代引きに対応しています。
会員登録は必要？（サンプル355）,無料で登録できます。
商品の返品方法は？（サンプル356）,未開封であれば7日以内に可能です。
営業時間は何時？（サンプル357）,平日9時〜18時です。
送料はいくら？（サンプル358）,全国一律500円です。
支払い方法は？（サンプル359）,クレジットカード・代引きに対応しています。
会員登録は必要？（サンプル360）,無料で登録できます。
商品の返品方法は？（サンプル361）,未開封であれば7日以内に可能です。
営業時間は何時？（サンプル362）,平日9時〜18時です。
送料はいくら？（サンプル363）,全国一律500円です。
支払い方法は？（サンプル364）,クレジットカード・代引きに対応しています。
会員登録は必要？（サンプル365）,無料で登録できます。
商品の返品方法は？（サンプル366）,未開封であれば7日以内に可能です。
営業時間は何時？（サンプル367）,平日9時〜18時です。
送料はいくら？（サンプル368）,全国一律500円です。
支払い方法は？（サンプル369）,クレジットカード・代引きに対応しています。
会員登録は必要？（サンプル370）,無料で登録できます。
商品の返品方法は？（サンプル371）,未開封であれば7日以内に可能です。
営業時間は何時？（サンプル372）,平日9時〜18時です。
送料はいくら？（サンプル373）,全国一律500円です。
支払い方法は？（サンプル374）,クレジットカード・代引きに対応しています。
会員登録は必要？（サンプル375）,無料で登録できます。
商品の返品方法は？（サンプル376）,未開封であれば7日以内に可能です。
営業時間は何時？（サンプル377）,平日9時〜18時です。
送料はいくら？（サンプル378）,全国一律500円です。
支払い方法は？（サンプル379）,クレジットカード・代引きに対応しています。
会員登録は必要？（サンプル380）,無料で登録できます。
商品の返品方法は？（サンプル381）,未開封であれば7日以内に可能です。
営業時間は何時？（サンプル382）,平日9時〜18時です。
送料はいくら？（サンプル383）,全国一律500円です。
支払い方法は？（サンプル384）,クレジットカード・代引きに対応しています。
会員登録は必要？（サンプル385）,無料で登録できます。
商品の返品方法は？（サンプル386）,未開封であれば7日以内に可能です。
営業時間は何時？（サンプル387）,平日9時〜18時です。
送料はいくら？（サンプル388）,全国一律500円です。
支払い方法は？（サンプル389）,クレジットカード・代引きに対応しています。
会員登録は必要？（サンプル390）,無料で登録できます。
商品の返品方法は？（サンプル391）,未開封であれば7日以内に可能です。
営業時間は何時？（サンプル392）,平日9時〜18時です。
送料はいくら？（サンプル393）,全国一律500円です。
支払い方法は？（サンプル394）,クレジットカード・代引きに対応しています。
会員登録は必要？（サンプル395）,無料で登録できます。
商品の返品方法は？（サンプル396）,未開封であれば7日以内に可能です。
営業時間は何時？（サンプル397）,平日9時〜18時です。
送料はいくら？（サンプル398）,全国一律500円です。
支払い方法は？（サンプル399）,クレジットカード・代引きに対応しています。
会員登録は必要？（サンプル400）,無料で登録できます。
商品の返品方法は？（サンプル401）,未開封であれば7日以内に可能です。
営業時間は何時？（サンプル402）,平日9時〜18時です。
送料はいくら？（サンプル403）,全国一律500円です。
支払い方法は？（サンプル404）,クレジットカード・代引きに対応しています。
会員登録は必要？（サンプル405）,無料で登録できます。
商品の返品方法は？（サンプル406）,未開封であれば7日以内に可能です。
営業時間は何時？（サンプル407）,平日9時〜18時です。
送料はいくら？（サンプル408）,全国一律500円です。
支払い方法は？（サンプル409）,クレジットカード・代引きに対応しています。
会員登録は必要？（サンプル410）,無料で登録できます。
商品の返品方法は？（サンプル411）,未開封であれば7日以内に可能です。
営業時間は何時？（サンプル412）,平日9時〜18時です。
送料はいくら？（サンプル413）,全国一律500円です。
支払い方法は？（サンプル414）,クレジットカード・代引きに対応しています。
会員登録は必要？（サンプル415）,無料で登録できます。
商品の返品方法は？（サンプル416）,未開封であれば7日以内に可能です。
営業時間は何時？（サンプル417）,平日9時〜18時です。
送料はいくら？（サンプル418）,全国一律500円です。
支払い方法は？（サンプル419）,クレジットカード・代引きに対応しています。
会員登録は必要？（サンプル420）,無料で登録できます。
商品の返品方法は？（サンプル421）,未開封であれば7日以内に可能です。
営業時間は何時？（サンプル422）,平日9時〜18時です。
送料はいくら？（サンプル423）,全国一律500円です。
支払い方法は？（サンプル424）,クレジットカード・代引きに対応しています。
会員登録は必要？（サンプル425）,無料で登録できます。
商品の返品方法は？（サンプル426）,未開封であれば7日以内に可能です。
営業時間は何時？（サンプル427）,平日9時〜18時です。
送料はいくら？（サンプル428）,全国一律500円です。
支払い方法は？（サンプル429）,クレジットカード・代引きに対応しています。
会員登録は必要？（サンプル430）,無料で登録できます。
商品の返品方法は？（サンプル431）,未開封であれば7日以内に可能です。
営業時間は何時？（サンプル432）,平日9時〜18時です。
送料はいくら？（サンプル433）,全国一律500円です。
支払い方法は？（サンプル434）,クレジットカード・代引きに対応しています。
会員登録は必要？（サンプル435）,無料で登録できます。
商品の返品方法は？（サンプル436）,未開封であれば7日以内に可能です。
営業時間は何時？（サンプル437）,平日9時〜18時です。
送料はいくら？（サンプル438）,全国一律500円です。
支払い方法は？（サンプル439）,クレジットカード・代引きに対応しています。
会員登録は必要？（サンプル440）,無料で登録できます。
商品の返品方法は？（サンプル441）,未開封であれば7日以内に可能です。
営業時間は何時？（サンプル442）,平日9時〜18時です。
送料はいくら？（サンプル443）,全国一律500円です。
支払い方法は？（サンプル444）,クレジットカード・代引きに対応しています。
会員登録は必要？（サンプル445）,無料で登録できます。
商品の返品方法は？（サンプル446）,未開封であれば7日以内に可能です。
営業時間は何時？（サンプル447）,平日9時〜18時です。
送料はいくら？（サンプル448）,全国一律500円です。
支払い方法は？（サンプル449）,クレジットカード・代引きに対応しています。
会員登録は必要？（サンプル450）,無料で登録できます。
商品の返品方法は？（サンプル451）,未開封であれば7日以内に可能です。
営業時間は何時？（サンプル452）,平日9時〜18時です。
送料はいくら？（サンプル453）,全国一律500円です。
支払い方法は？（サンプル454）,クレジットカード・代引きに対応しています。
会員登録は必要？（サンプル455）,無料で登録できます。
商品の返品方法は？（サンプル456）,未開封であれば7日以内に可能です。
営業時間は何時？（サンプル457）,平日9時〜18時です。
送料はいくら？（サンプル458）,全国一律500円です。
支払い方法は？（サンプル459）,クレジットカード・代引きに対応しています。
会員登録は必要？（サンプル460）,無料で登録できます。
商品の返品方法は？（サンプル461）,未開封であれば7日以内に可能です。
営業時間は何時？（サンプル462）,平日9時〜18時です。
送料はいくら？（サンプル463）,全国一律500円です。
支払い方法は？（サンプル464）,クレジットカード・代引きに対応しています。
会員登録は必要？（サンプル465）,無料で登録できます。
商品の返品方法は？（サンプル466）,未開封であれば7日以内に可能です。
営業時間は何時？（サンプル467）,平日9時〜18時です。
送料はいくら？（サンプル468）,全国一律500円です。
支払い方法は？（サンプル469）,クレジットカード・代引きに対応しています。
会員登録は必要？（サンプル470）,無料で登録できます。
商品の返品方法は？（サンプル471）,未開封であれば7日以内に可能です。
営業時間は何時？（サンプル472）,平日9時〜18時です。
送料はいくら？（サンプル473）,全国一律500円です。
支払い方法は？（サンプル474）,クレジットカード・代引きに対応しています。
会員登録は必要？（サンプル475）,無料で登録できます。
商品の返品方法は？（サンプル476）,未開封であれば7日以内に可能です。
営業時間は何時？（サンプル477）,平日9時〜18時です。
送料はいくら？（サンプル478）,全国一律500円です。
支払い方法は？（サンプル479）,クレジットカード・代引きに対応しています。
会員登録は必要？（サンプル480）,無料で登録できます。
商品の返品方法は？（サンプル481）,未開封であれば7日以内に可能です。
営業時間は何時？（サンプル482）,平日9時〜18時です。
送料はいくら？（サンプル483）,全国一律500円です。
支払い方法は？（サンプル484）,クレジットカード・代引きに対応しています。
会員登録は必要？（サンプル485）,無料で登録できます。
商品の返品方法は？（サンプル486）,未開封であれば7日以内に可能です。
営業時間は何時？（サンプル487）,平日9時〜18時です。
送料はいくら？（サンプル488）,全国一律500円です。
支払い方法は？（サンプル489）,クレジットカード・代引きに対応しています。
会員登録は必要？（サンプル490）,無料で登録できます。
商品の返品方法は？（サンプル491）,未開封であれば7日以内に可能です。
営業時間は何時？（サンプル492）,平日9時〜18時です。
送料はいくら？（サンプル493）,全国一律500円です。
支払い方法は？（サンプル494）,クレジットカード・代引きに対応しています。
会員登録は必要？（サンプル495）,無料で登録できます。
商品の返品方法は？（サンプル496）,未開封であれば7日以内に可能です。
営業時間は何時？（サンプル497）,平日9時〜18時です。
送料はいくら？（サンプル498）,全国一律500円です。
支払い方法は？（サンプル499）,クレジットカード・代引きに対応しています。
会員登録は必要？（サンプル500）,無料で登録できます。
商品の返品方法は？（サンプル501）,未開封であれば7日以内に可能です。
営業時間は何時？（サンプル502）,平日9時〜18時です。
送料はいくら？（サンプル503）,全国一律500円です。
支払い方法は？（サンプル504）,クレジットカード・代引きに対応しています。
会員登録は必要？（サンプル505）,無料で登録できます。
商品の返品方法は？（サンプル506）,未開封であれば7日以内に可能です。
営業時間は何時？（サンプル507）,平日9時〜18時です。
送料はいくら？（サンプル508）,全国一律500円です。
支払い方法は？（サンプル509）,クレジットカード・代引きに対応しています。
会員登録は必要？（サンプル510）,無料で登録できます。
商品の返品方法は？（サンプル511）,未開封であれば7日以内に可能です。
営業時間は何時？（サンプル512）,平日9時〜18時です。
送料はいくら？（サンプル513）,全国一律500円です。
支払い方法は？（サンプル514）,クレジットカード・代引きに対応しています。
会員登録は必要？（サンプル515）,無料で登録できます。
商品の返品方法は？（サンプル516）,未開封であれば7日以内に可能です。
営業時間は何時？（サンプル517）,平日9時〜18時です。
送料はいくら？（サンプル518）,全国一律500円です。
支払い方法は？（サンプル519）,クレジットカード・代引きに対応しています。
会員登録は必要？（サンプル520）,無料で登録できます。
商品の返品方法は？（サンプル521）,未開封であれば7日以内に可能です。
営業時間は何時？（サンプル522）,平日9時〜18時です。
送料はいくら？（サンプル523）,全国一律500円です。
支払い方法は？（サンプル524）,クレジットカード・代引きに対応しています。
会員登録は必要？（サンプル525）,無料で登録できます。
商品の返品方法は？（サンプル526）,未開封であれば7日以内に可能です。
営業時間は何時？（サンプル527）,平日9時〜18時です。
送料はいくら？（サンプル528）,全国一律500円です。
支払い方法は？（サンプル529）,クレジットカード・代引きに対応しています。
会員登録は必要？（サンプル530）,無料で登録できます。
商品の返品方法は？（サンプル531）,未開封であれば7日以内に可能です。
営業時間は何時？（サンプル532）,平日9時〜18時です。
送料はいくら？（サンプル533）,全国一律500円です。
支払い方法は？（サンプル534）,クレジットカード・代引きに対応しています。
会員登録は必要？（サンプル535）,無料で登録できます。
商品の返品方法は？（サンプル536）,未開封であれば7日以内に可能です。
営業時間は何時？（サンプル537）,平日9時〜18時です。
送料はいくら？（サンプル538）,全国一律500円です。
支払い方法は？（サンプル539）,クレジットカード・代引きに対応しています。
会員登録は必要？（サンプル540）,無料で登録できます。
商品の返品方法は？（サンプル541）,未開封であれば7日以内に可能です。
営業時間は何時？（サンプル542）,平日9時〜18時です。
送料はいくら？（サンプル543）,全国一律500円です。
支払い方法は？（サンプル544）,クレジットカード・代引きに対応しています。
会員登録は必要？（サンプル545）,無料で登録できます。
商品の返品方法は？（サンプル546）,未開封であれば7日以内に可能です。
営業時間は何時？（サンプル547）,平日9時〜18時です。
送料はいくら？（サンプル548）,全国一律500円です。
支払い方法は？（サンプル549）,クレジットカード・代引きに対応しています。
会員登録は必要？（サンプル550）,無料で登録できます。
商品の返品方法は？（サンプル551）,未開封であれば7日以内に可能です。
営業時間は何時？（サンプル552）,平日9時〜18時です。
送料はいくら？（サンプル553）,全国一律500円です。
支払い方法は？（サンプル554）,クレジットカード・代引きに対応しています。
会員登録は必要？（サンプル555）,無料で登録できます。
商品の返品方法は？（サンプル556）,未開封であれば7日以内に可能です。
営業時間は何時？（サンプル557）,平日9時〜18時です。
送料はいくら？（サンプル558）,全国一律500円です。
支払い方法は？（サンプル559）,クレジットカード・代引きに対応しています。
会員登録は必要？（サンプル560）,無料で登録できます。
商品の返品方法は？（サンプル561）,未開封であれば7日以内に可能です。
営業時間は何時？（サンプル562）,平日9時〜18時です。
送料はいくら？（サンプル563）,全国一律500円です。
支払い方法は？（サンプル564）,クレジットカード・代引きに対応しています。
会員登録は必要？（サンプル565）,無料で登録できます。
商品の返品方法は？（サンプル566）,未開封であれば7日以内に可能です。
営業時間は何時？（サンプル567）,平日9時〜18時です。
送料はいくら？（サンプル568）,全国一律500円です。
支払い方法は？（サンプル569）,クレジットカード・代引きに対応しています。
会員登録は必要？（サンプル570）,無料で登録できます。
商品の返品方法は？（サンプル571）,未開封であれば7日以内に可能です。
営業時間は何時？（サンプル572）,平日9時〜18時です。
送料はいくら？（サンプル573）,全国一律500円です。
支払い方法は？（サンプル574）,クレジットカード・代引きに対応しています。
会員登録は必要？（サンプル575）,無料で登録できます。
商品の返品方法は？（サンプル576）,未開封であれば7日以内に可能です。
営業時間は何時？（サンプル577）,平日9時〜18時です。
送料はいくら？（サンプル578）,全国一律500円です。
支払い方法は？（サンプル579）,クレジットカード・代引きに対応しています。
会員登録は必要？（サンプル580）,無料で登録できます。
商品の返品方法は？（サンプル581）,未開封であれば7日以内に可能です。
営業時間は何時？（サンプル582）,平日9時〜18時です。
送料はいくら？（サンプル583）,全国一律500円です。
支払い方法は？（サンプル584）,クレジットカード・代引きに対応しています。
会員登録は必要？（サンプル585）,無料で登録できます。
商品の返品方法は？（サンプル586）,未開封であれば7日以内に可能です。
営業時間は何時？（サンプル587）,平日9時〜18時です。
送料はいくら？（サンプル588）,全国一律500円です。
支払い方法は？（サンプル589）,クレジットカード・代引きに対応しています。
会員登録は必要？（サンプル590）,無料で登録できます。
商品の返品方法は？（サンプル591）,未開封であれば7日以内に可能です。
営業時間は何時？（サンプル592）,平日9時〜18時です。
送料はいくら？（サンプル593）,全国一律500円です。
支払い方法は？（サンプル594）,クレジットカード・代引きに対応しています。
会員登録は必要？（サンプル595）,無料で登録できます。
商品の返品方法は？（サンプル596）,未開封であれば7日以内に可能です。
営業時間は何時？（サンプル597）,平日9時〜18時です。
送料はいくら？（サンプル598）,全国一律500円です。
支払い方法は？（サンプル599）,クレジットカード・代引きに対応しています。
会員登録は必要？（サンプル600）,無料で登録できます。
商品の返品方法は？（サンプル601）,未開封であれば7日以内に可能です。
営業時間は何時？（サンプル602）,平日9時〜18時です。
送料はいくら？（サンプル603）,全国一律500円です。
支払い方法は？（サンプル604）,クレジットカード・代引きに対応しています。
会員登録は必要？（サンプル605）,無料で登録できます。
商品の返品方法は？（サンプル606）,未開封であれば7日以内に可能です。
営業時間は何時？（サンプル607）,平日9時〜18時です。
送料はいくら？（サンプル608）,全国一律500円です。
支払い方法は？（サンプル609）,クレジットカード・代引きに対応しています。
会員登録は必要？（サンプル610）,無料で登録できます。
商品の返品方法は？（サンプル611）,未開封であれば7日以内に可能です。
営業時間は何時？（サンプル612）,平日9時〜18時です。
送料はいくら？（サンプル613）,全国一律500円です。
支払い方法は？（サンプル614）,クレジットカード・代引きに対応しています。
会員登録は必要？（サンプル615）,無料で登録できます。
商品の返品方法は？（サンプル616）,未開封であれば7日以内に可能です。
営業時間は何時？（サンプル617）,平日9時〜18時です。
送料はいくら？（サンプル618）,全国一律500円です。
支払い方法は？（サンプル619）,クレジットカード・代引きに対応しています。
会員登録は必要？（サンプル620）,無料で登録できます。
商品の返品方法は？（サンプル621）,未開封であれば7日以内に可能です。
営業時間は何時？（サンプル622）,平日9時〜18時です。
送料はいくら？（サンプル623）,全国一律500円です。
支払い方法は？（サンプル624）,クレジットカード・代引きに対応しています。
会員登録は必要？（サンプル625）,無料で登録できます。
商品の返品方法は？（サンプル626）,未開封であれば7日以内に可能です。
営業時間は何時？（サンプル627）,平日9時〜18時です。
送料はいくら？（サンプル628）,全国一律500円です。
支払い方法は？（サンプル629）,クレジットカード・代引きに対応しています。
会員登録は必要？（サンプル630）,無料で登録できます。
商品の返品方法は？（サンプル631）,未開封であれば7日以内に可能です。
営業時間は何時？（サンプル632）,平日9時〜18時です。
送料はいくら？（サンプル633）,全国一律500円です。
支払い方法は？（サンプル634）,クレジットカード・代引きに対応しています。
会員登録は必要？（サンプル635）,無料で登録できます。
商品の返品方法は？（サンプル636）,未開封であれば7日以内に可能です。
営業時間は何時？（サンプル637）,平日9時〜18時です。
送料はいくら？（サンプル638）,全国一律500円です。
支払い方法は？（サンプル639）,クレジットカード・代引きに対応しています。
会員登録は必要？（サンプル640）,無料で登録できます。
商品の返品方法は？（サンプル641）,未開封であれば7日以内に可能です。
営業時間は何時？（サンプル642）,平日9時〜18時です。
送料はいくら？（サンプル643）,全国一律500円です。
支払い方法は？（サンプル644）,クレジットカード・代引きに対応しています。
会員登録は必要？（サンプル645）,無料で登録できます。
商品の返品方法は？（サンプル646）,未開封であれば7日以内に可能です。
営業時間は何時？（サンプル647）,平日9時〜18時です。
送料はいくら？（サンプル648）,全国一律500円です。
支払い方法は？（サンプル649）,クレジットカード・代引きに対応しています。
会員登録は必要？（サンプル650）,無料で登録できます。
商品の返品方法は？（サンプル651）,未開封であれば7日以内に可能です。
営業時間は何時？（サンプル652）,平日9時〜18時です。
送料はいくら？（サンプル653）,全国一律500円です。
支払い方法は？（サンプル654）,クレジットカード・代引きに対応しています。
会員登録は必要？（サンプル655）,無料で登録できます。
商品の返品方法は？（サンプル656）,未開封であれば7日以内に可能です。
営業時間は何時？（サンプル657）,平日9時〜18時です。
送料はいくら？（サンプル658）,全国一律500円です。
支払い方法は？（サンプル659）,クレジットカード・代引きに対応しています。
会員登録は必要？（サンプル660）,無料で登録できます。
商品の返品方法は？（サンプル661）,未開封であれば7日以内に可能です。
営業時間は何時？（サンプル662）,平日9時〜18時です。
送料はいくら？（サンプル663）,全国一律500円です。
支払い方法は？（サンプル664）,クレジットカード・代引きに対応しています。
会員登録は必要？（サンプル665）,無料で登録できます。
商品の返品方法は？（サンプル666）,未開封であれば7日以内に可能です。
営業時間は何時？（サンプル667）,平日9時〜18時です。
送料はいくら？（サンプル668）,全国一律500円です。
支払い方法は？（サンプル669）,クレジットカード・代引きに対応しています。
会員登録は必要？（サンプル670）,無料で登録できます。
商品の返品方法は？（サンプル671）,未開封であれば7日以内に可能です。
営業時間は何時？（サンプル672）,平日9時〜18時です。
送料はいくら？（サンプル673）,全国一律500円です。
支払い方法は？（サンプル674）,クレジットカード・代引きに対応しています。
会員登録は必要？（サンプル675）,無料で登録できます。
商品の返品方法は？（サンプル676）,未開封であれば7日以内に可能です。
営業時間は何時？（サンプル677）,平日9時〜18時です。
送料はいくら？（サンプル678）,全国一律500円です。
支払い方法は？（サンプル679）,クレジットカード・代引きに対応しています。
会員登録は必要？（サンプル680）,無料で登録できます。
商品の返品方法は？（サンプル681）,未開封であれば7日以内に可能です。
営業時間は何時？（サンプル682）,平日9時〜18時です。
送料はいくら？（サンプル683）,全国一律500円です。
支払い方法は？（サンプル684）,クレジットカード・代引きに対応しています。
会員登録は必要？（サンプル685）,無料で登録できます。
商品の返品方法は？（サンプル686）,未開封であれば7日以内に可能です。
営業時間は何時？（サンプル687）,平日9時〜18時です。
送料はいくら？（サンプル688）,全国一律500円です。
支払い方法は？（サンプル689）,クレジットカード・代引きに対応しています。
会員登録は必要？（サンプル690）,無料で登録できます。
商品の返品方法は？（サンプル691）,未開封であれば7日以内に可能です。
営業時間は何時？（サンプル692）,平日9時〜18時です。
送料はいくら？（サンプル693）,全国一律500円です。
支払い方法は？（サンプル694）,クレジットカード・代引きに対応しています。
会員登録は必要？（サンプル695）,無料で登録できます。
商品の返品方法は？（サンプル696）,未開封であれば7日以内に可能です。
営業時間は何時？（サンプル697）,平日9時〜18時です。
送料はいくら？（サンプル698）,全国一律500円です。
支払い方法は？（サンプル699）,クレジットカード・代引きに対応しています。
会員登録は必要？（サンプル700）,無料で登録できます。
商品の返品方法は？（サンプル701）,未開封であれば7日以内に可能です。
営業時間は何時？（サンプル702）,平日9時〜18時です。
送料はいくら？（サンプル703）,全国一律500円です。
支払い方法は？（サンプル704）,クレジットカード・代引きに対応しています。
会員登録は必要？（サンプル705）,無料で登録できます。
商品の返品方法は？（サンプル706）,未開封であれば7日以内に可能です。
営業時間は何時？（サンプル707）,平日9時〜18時です。
送料はいくら？（サンプル708）,全国一律500円です。
支払い方法は？（サンプル709）,クレジットカード・代引きに対応しています。
会員登録は必要？（サンプル710）,無料で登録できます。
商品の返品方法は？（サンプル711）,未開封であれば7日以内に可能です。
営業時間は何時？（サンプル712）,平日9時〜18時です。
送料はいくら？（サンプル713）,全国一律500円です。
支払い方法は？（サンプル714）,クレジットカード・代引きに対応しています。
会員登録は必要？（サンプル715）,無料で登録できます。
商品の返品方法は？（サンプル716）,未開封であれば7日以内に可能です。
営業時間は何時？（サンプル717）,平日9時〜18時です。
送料はいくら？（サンプル718）,全国一律500円です。
支払い方法は？（サンプル719）,クレジットカード・代引きに対応しています。
会員登録は必要？（サンプル720）,無料で登録できます。
商品の返品方法は？（サンプル721）,未開封であれば7日以内に可能です。
営業時間は何時？（サンプル722）,平日9時〜18時です。
送料はいくら？（サンプル723）,全国一律500円です。
支払い方法は？（サンプル724）,クレジットカード・代引きに対応しています。
会員登録は必要？（サンプル725）,無料で登録できます。
商品の返品方法は？（サンプル726）,未開封であれば7日以内に可能です。
営業時間は何時？（サンプル727）,平日9時〜18時です。
送料はいくら？（サンプル728）,全国一律500円です。
支払い方法は？（サンプル729）,クレジットカード・代引きに対応しています。
会員登録は必要？（サンプル730）,無料で登録できます。
商品の返品方法は？（サンプル731）,未開封であれば7日以内に可能です。
営業時間は何時？（サンプル732）,平日9時〜18時です。
送料はいくら？（サンプル733）,全国一律500円です。
支払い方法は？（サンプル734）,クレジットカード・代引きに対応しています。
会員登録は必要？（サンプル735）,無料で登録できます。
商品の返品方法は？（サンプル736）,未開封であれば7日以内に可能です。
営業時間は何時？（サンプル737）,平日9時〜18時です。
送料はいくら？（サンプル738）,全国一律500円です。
支払い方法は？（サンプル739）,クレジットカード・代引きに対応しています。
会員登録は必要？（サンプル740）,無料で登録できます。
商品の返品方法は？（サンプル741）,未開封であれば7日以内に可能です。
営業時間は何時？（サンプル742）,平日9時〜18時です。
送料はいくら？（サンプル743）,全国一律500円です。
支払い方法は？（サンプル744）,クレジットカード・代引きに対応しています。
会員登録は必要？（サンプル745）,無料で登録できます。
商品の返品方法は？（サンプル746）,未開封であれば7日以内に可能です。
営業時間は何時？（サンプル747）,平日9時〜18時です。
送料はいくら？（サンプル748）,全国一律500円です。
支払い方法は？（サンプル749）,クレジットカード・代引きに対応しています。
会員登録は必要？（サンプル750）,無料で登録できます。
商品の返品方法は？（サンプル751）,未開封であれば7日以内に可能です。
営業時間は何時？（サンプル752）,平日9時〜18時です。
送料はいくら？（サンプル753）,全国一律500円です。
支払い方法は？（サンプル754）,クレジットカード・代引きに対応しています。
会員登録は必要？（サンプル755）,無料で登録できます。
商品の返品方法は？（サンプル756）,未開封であれば7日以内に可能です。
営業時間は何時？（サンプル757）,平日9時〜18時です。
送料はいくら？（サンプル758）,全国一律500円です。
支払い方法は？（サンプル759）,クレジットカード・代引きに対応しています。
会員登録は必要？（サンプル760）,無料で登録できます。
商品の返品方法は？（サンプル761）,未開封であれば7日以内に可能です。
営業時間は何時？（サンプル762）,平日9時〜18時です。
送料はいくら？（サンプル763）,全国一律500円です。
支払い方法は？（サンプル764）,クレジットカード・代引きに対応しています。
会員登録は必要？（サンプル765）,無料で登録できます。
商品の返品方法は？（サンプル766）,未開封であれば7日以内に可能です。
営業時間は何時？（サンプル767）,平日9時〜18時です。
送料はいくら？（サンプル768）,全国一律500円です。
支払い方法は？（サンプル769）,クレジットカード・代引きに対応しています。
会員登録は必要？（サンプル770）,無料で登録できます。
商品の返品方法は？（サンプル771）,未開封であれば7日以内に可能です。
営業時間は何時？（サンプル772）,平日9時〜18時です。
送料はいくら？（サンプル773）,全国一律500円です。
支払い方法は？（サンプル774）,クレジットカード・代引きに対応しています。
会員登録は必要？（サンプル775）,無料で登録できます。
商品の返品方法は？（サンプル776）,未開封であれば7日以内に可能です。
営業時間は何時？（サンプル777）,平日9時〜18時です。
送料はいくら？（サンプル778）,全国一律500円です。
支払い方法は？（サンプル779）,クレジットカード・代引きに対応しています。
会員登録は必要？（サンプル780）,無料で登録できます。
商品の返品方法は？（サンプル781）,未開封であれば7日以内に可能です。
営業時間は何時？（サンプル782）,平日9時〜18時です。
送料はいくら？（サンプル783）,全国一律500円です。
支払い方法は？（サンプル784）,クレジットカード・代引きに対応しています。
会員登録は必要？（サンプル785）,無料で登録できます。
商品の返品方法は？（サンプル786）,未開封であれば7日以内に可能です。
営業時間は何時？（サンプル787）,平日9時〜18時です。
送料はいくら？（サンプル788）,全国一律500円です。
支払い方法は？（サンプル789）,クレジットカード・代引きに対応しています。
会員登録は必要？（サンプル790）,無料で登録できます。
商品の返品方法は？（サンプル791）,未開封であれば7日以内に可能です。
営業時間は何時？（サンプル792）,平日9時〜18時です。
送料はいくら？（サンプル793）,全国一律500円です。
支払い方法は？（サンプル794）,クレジットカード・代引きに対応しています。
会員登録は必要？（サンプル795）,無料で登録できます。
商品の返品方法は？（サンプル796）,未開封であれば7日以内に可能です。
営業時間は何時？（サンプル797）,平日9時〜18時です。
送料はいくら？（サンプル798）,全国一律500円です。
支払い方法は？（サンプル799）,クレジットカード・代引きに対応しています。
会員登録は必要？（サンプル800）,無料で登録できます。
商品の返品方法は？（サンプル801）,未開封であれば7日以内に可能です。
営業時間は何時？（サンプル802）,平日9時〜18時です。
送料はいくら？（サンプル803）,全国一律500円です。
支払い方法は？（サンプル804）,クレジットカード・代引きに対応しています。
会員登録は必要？（サンプル805）,無料で登録できます。
商品の返品方法は？（サンプル806）,未開封であれば7日以内に可能です。
営業時間は何時？（サンプル807）,平日9時〜18時です。
送料はいくら？（サンプル808）,全国一律500円です。
支払い方法は？（サンプル809）,クレジットカード・代引きに対応しています。
会員登録は必要？（サンプル810）,無料で登録できます。
商品の返品方法は？（サンプル811）,未開封であれば7日以内に可能です。
営業時間は何時？（サンプル812）,平日9時〜18時です。
送料はいくら？（サンプル813）,全国一律500円です。
支払い方法は？（サンプル814）,クレジットカード・代引きに対応しています。
会員登録は必要？（サンプル815）,無料で登録できます。
商品の返品方法は？（サンプル816）,未開封であれば7日以内に可能です。
営業時間は何時？（サンプル817）,平日9時〜18時です。
送料はいくら？（サンプル818）,全国一律500円です。
支払い方法は？（サンプル819）,クレジットカード・代引きに対応しています。
会員登録は必要？（サンプル820）,無料で登録できます。
商品の返品方法は？（サンプル821）,未開封であれば7日以内に可能です。
営業時間は何時？（サンプル822）,平日9時〜18時です。
送料はいくら？（サンプル823）,全国一律500円です。
支払い方法は？（サンプル824）,クレジットカード・代引きに対応しています。
会員登録は必要？（サンプル825）,無料で登録できます。
商品の返品方法は？（サンプル826）,未開封であれば7日以内に可能です。
営業時間は何時？（サンプル827）,平日9時〜18時です。
送料はいくら？（サンプル828）,全国一律500円です。
支払い方法は？（サンプル829）,クレジットカード・代引きに対応しています。
会員登録は必要？（サンプル830）,無料で登録できます。
商品の返品方法は？（サンプル831）,未開封であれば7日以内に可能です。
営業時間は何時？（サンプル832）,平日9時〜18時です。
送料はいくら？（サンプル833）,全国一律500円です。
支払い方法は？（サンプル834）,クレジットカード・代引きに対応しています。
会員登録は必要？（サンプル835）,無料で登録できます。
商品の返品方法は？（サンプル836）,未開封であれば7日以内に可能です。
営業時間は何時？（サンプル837）,平日9時〜18時です。
送料はいくら？（サンプル838）,全国一律500円です。
支払い方法は？（サンプル839）,クレジットカード・代引きに対応しています。
会員登録は必要？（サンプル840）,無料で登録できます。
商品の返品方法は？（サンプル841）,未開封であれば7日以内に可能です。
営業時間は何時？（サンプル842）,平日9時〜18時です。
送料はいくら？（サンプル843）,全国一律500円です。
支払い方法は？（サンプル844）,クレジットカード・代引きに対応しています。
会員登録は必要？（サンプル845）,無料で登録できます。
商品の返品方法は？（サンプル846）,未開封であれば7日以内に可能です。
営業時間は何時？（サンプル847）,平日9時〜18時です。
送料はいくら？（サンプル848）,全国一律500円です。
支払い方法は？（サンプル849）,クレジットカード・代引きに対応しています。
会員登録は必要？（サンプル850）,無料で登録できます。
商品の返品方法は？（サンプル851）,未開封であれば7日以内に可能です。
営業時間は何時？（サンプル852）,平日9時〜18時です。
送料はいくら？（サンプル853）,全国一律500円です。
支払い方法は？（サンプル854）,クレジットカード・代引きに対応しています。
会員登録は必要？（サンプル855）,無料で登録できます。
商品の返品方法は？（サンプル856）,未開封であれば7日以内に可能です。
営業時間は何時？（サンプル857）,平日9時〜18時です。
送料はいくら？（サンプル858）,全国一律500円です。
支払い方法は？（サンプル859）,クレジットカード・代引きに対応しています。
会員登録は必要？（サンプル860）,無料で登録できます。
商品の返品方法は？（サンプル861）,未開封であれば7日以内に可能です。
営業時間は何時？（サンプル862）,平日9時〜18時です。
送料はいくら？（サンプル863）,全国一律500円です。
支払い方法は？（サンプル864）,クレジットカード・代引きに対応しています。
会員登録は必要？（サンプル865）,無料で登録できます。
商品の返品方法は？（サンプル866）,未開封であれば7日以内に可能です。
営業時間は何時？（サンプル867）,平日9時〜18時です。
送料はいくら？（サンプル868）,全国一律500円です。
支払い方法は？（サンプル869）,クレジットカード・代引きに対応しています。
会員登録は必要？（サンプル870）,無料で登録できます。
商品の返品方法は？（サンプル871）,未開封であれば7日以内に可能です。
営業時間は何時？（サンプル872）,平日9時〜18時です。
送料はいくら？（サンプル873）,全国一律500円です。
支払い方法は？（サンプル874）,クレジットカード・代引きに対応しています。
会員登録は必要？（サンプル875）,無料で登録できます。
商品の返品方法は？（サンプル876）,未開封であれば7日以内に可能です。
営業時間は何時？（サンプル877）,平日9時〜18時です。
送料はいくら？（サンプル878）,全国一律500円です。
支払い方法は？（サンプル879）,クレジットカード・代引きに対応しています。
会員登録は必要？（サンプル880）,無料で登録できます。
商品の返品方法は？（サンプル881）,未開封であれば7日以内に可能です。
営業時間は何時？（サンプル882）,平日9時〜18時です。
送料はいくら？（サンプル883）,全国一律500円です。
支払い方法は？（サンプル884）,クレジットカード・代引きに対応しています。
会員登録は必要？（サンプル885）,無料で登録できます。
商品の返品方法は？（サンプル886）,未開封であれば7日以内に可能です。
営業時間は何時？（サンプル887）,平日9時〜18時です。
送料はいくら？（サンプル888）,全国一律500円です。
支払い方法は？（サンプル889）,クレジットカード・代引きに対応しています。
会員登録は必要？（サンプル890）,無料で登録できます。
商品の返品方法は？（サンプル891）,未開封であれば7日以内に可能です。
営業時間は何時？（サンプル892）,平日9時〜18時です。
送料はいくら？（サンプル893）,全国一律500円です。
支払い方法は？（サンプル894）,クレジットカード・代引きに対応しています。
会員登録は必要？（サンプル895）,無料で登録できます。
商品の返品方法は？（サンプル896）,未開封であれば7日以内に可能です。
営業時間は何時？（サンプル897）,平日9時〜18時です。
送料はいくら？（サンプル898）,全国一律500円です。
支払い方法は？（サンプル899）,クレジットカード・代引きに対応しています。
会員登録は必要？（サンプル900）,無料で登録できます。
商品の返品方法は？（サンプル901）,未開封であれば7日以内に可能です。
営業時間は何時？（サンプル902）,平日9時〜18時です。
送料はいくら？（サンプル903）,全国一律500円です。
支払い方法は？（サンプル904）,クレジットカード・代引きに対応しています。
会員登録は必要？（サンプル905）,無料で登録できます。
商品の返品方法は？（サンプル906）,未開封であれば7日以内に可能です。
営業時間は何時？（サンプル907）,平日9時〜18時です。
送料はいくら？（サンプル908）,全国一律500円です。
支払い方法は？（サンプル909）,クレジットカード・代引きに対応しています。
会員登録は必要？（サンプル910）,無料で登録できます。
商品の返品方法は？（サンプル911）,未開封であれば7日以内に可能です。
営業時間は何時？（サンプル912）,平日9時〜18時です。
送料はいくら？（サンプル913）,全国一律500円です。
支払い方法は？（サンプル914）,クレジットカード・代引きに対応しています。
会員登録は必要？（サンプル915）,無料で登録できます。
商品の返品方法は？（サンプル916）,未開封であれば7日以内に可能です。
営業時間は何時？（サンプル917）,平日9時〜18時です。
送料はいくら？（サンプル918）,全国一律500円です。
支払い方法は？（サンプル919）,クレジットカード・代引きに対応しています。
会員登録は必要？（サンプル920）,無料で登録できます。
商品の返品方法は？（サンプル921）,未開封であれば7日以内に可能です。
営業時間は何時？（サンプル922）,平日9時〜18時です。
送料はいくら？（サンプル923）,全国一律500円です。
支払い方法は？（サンプル924）,クレジットカード・代引きに対応しています。
会員登録は必要？（サンプル925）,無料で登録できます。
商品の返品方法は？（サンプル926）,未開封であれば7日以内に可能です。
営業時間は何時？（サンプル927）,平日9時〜18時です。
送料はいくら？（サンプル928）,全国一律500円です。
支払い方法は？（サンプル929）,クレジットカード・代引きに対応しています。
会員登録は必要？（サンプル930）,無料で登録できます。
商品の返品方法は？（サンプル931）,未開封であれば7日以内に可能です。
営業時間は何時？（サンプル932）,平日9時〜18時です。
送料はいくら？（サンプル933）,全国一律500円です。
支払い方法は？（サンプル934）,クレジットカード・代引きに対応しています。
会員登録は必要？（サンプル935）,無料で登録できます。
商品の返品方法は？（サンプル936）,未開封であれば7日以内に可能です。
営業時間は何時？（サンプル937）,平日9時〜18時です。
送料はいくら？（サンプル938）,全国一律500円です。
支払い方法は？（サンプル939）,クレジットカード・代引きに対応しています。
会員登録は必要？（サンプル940）,無料で登録できます。
商品の返品方法は？（サンプル941）,未開封であれば7日以内に可能です。
営業時間は何時？（サンプル942）,平日9時〜18時です。
送料はいくら？（サンプル943）,全国一律500円です。
支払い方法は？（サンプル944）,クレジットカード・代引きに対応しています。
会員登録は必要？（サンプル945）,無料で登録できます。
商品の返品方法は？（サンプル946）,未開封であれば7日以内に可能です。
営業時間は何時？（サンプル947）,平日9時〜18時です。
送料はいくら？（サンプル948）,全国一律500円です。
支払い方法は？（サンプル949）,クレジットカード・代引きに対応しています。
会員登録は必要？（サンプル950）,無料で登録できます。
商品の返品方法は？（サンプル951）,未開封であれば7日以内に可能です。
営業時間は何時？（サンプル952）,平日9時〜18時です。
送料はいくら？（サンプル953）,全国一律500円です。
支払い方法は？（サンプル954）,クレジットカード・代引きに対応しています。
会員登録は必要？（サンプル955）,無料で登録できます。
商品の返品方法は？（サンプル956）,未開封であれば7日以内に可能です。
営業時間は何時？（サンプル957）,平日9時〜18時です。
送料はいくら？（サンプル958）,全国一律500円です。
支払い方法は？（サンプル959）,クレジットカード・代引きに対応しています。
会員登録は必要？（サンプル960）,無料で登録できます。
商品の返品方法は？（サンプル961）,未開封であれば7日以内に可能です。
営業時間は何時？（サンプル962）,平日9時〜18時です。
送料はいくら？（サンプル963）,全国一律500円です。
支払い方法は？（サンプル964）,クレジットカード・代引きに対応しています。
会員登録は必要？（サンプル965）,無料で登録できます。
商品の返品方法は？（サンプル966）,未開封であれば7日以内に可能です。
営業時間は何時？（サンプル967）,平日9時〜18時です。
送料はいくら？（サンプル968）,全国一律500円です。
支払い方法は？（サンプル969）,クレジットカード・代引きに対応しています。
会員登録は必要？（サンプル970）,無料で登録できます。
商品の返品方法は？（サンプル971）,未開封であれば7日以内に可能です。
営業時間は何時？（サンプル972）,平日9時〜18時です。
送料はいくら？（サンプル973）,全国一律500円です。
支払い方法は？（サンプル974）,クレジットカード・代引きに対応しています。
会員登録は必要？（サンプル975）,無料で登録できます。
商品の返品方法は？（サンプル976）,未開封であれば7日以内に可能です。
営業時間は何時？（サンプル977）,平日9時〜18時です。
送料はいくら？（サンプル978）,全国一律500円です。
支払い方法は？（サンプル979）,クレジットカード・代引きに対応しています。
会員登録は必要？（サンプル980）,無料で登録できます。
商品の返品方法は？（サンプル981）,未開封であれば7日以内に可能です。
営業時間は何時？（サンプル982）,平日9時〜18時です。
送料はいくら？（サンプル983）,全国一律500円です。
支払い方法は？（サンプル984）,クレジットカード・代引きに対応しています。
会員登録は必要？（サンプル985）,無料で登録できます。
商品の返品方法は？（サンプル986）,未開封であれば7日以内に可能です。
営業時間は何時？（サンプル987）,平日9時〜18時です。
送料はいくら？（サンプル988）,全国一律500円です。
支払い方法は？（サンプル989）,クレジットカード・代引きに対応しています。
会員登録は必要？（サンプル990）,無料で登録できます。
商品の返品方法は？（サンプル991）,未開封であれば7日以内に可能です。
営業時間は何時？（サンプル992）,平日9時〜18時です。
送料はいくら？（サンプル993）,全国一律500円です。
支払い方法は？（サンプル994）,クレジットカード・代引きに対応しています。
会員登録は必要？（サンプル995）,無料で登録できます。
商品の返品方法は？（サンプル996）,未開封であれば7日以内に可能です。
営業時間は何時？（サンプル997）,平日9時〜18時です。
送料はいくら？（サンプル998）,全国一律500円です。
支払い方法は？（サンプル999）,クレジットカード・代引きに対応しています。
会員登録は必要？（サンプル1000）,無料で登録できます。
